Domain,Type,Host,Value
taxiaplaisir.fr,A,@,76.76.21.21
taxiaplaisir.fr,CNAME,www,cname.vercel-dns.com.
taxiasnieres.fr,A,@,76.76.21.21
taxiasnieres.fr,CNAME,www,cname.vercel-dns.com.
taxiboulogne.fr,A,@,76.76.21.21
taxiboulogne.fr,CNAME,www,cname.vercel-dns.com.
taxichambourcy.fr,A,@,76.76.21.21
taxichambourcy.fr,CNAME,www,cname.vercel-dns.com.
taxicolombes.fr,A,@,76.76.21.21
taxicolombes.fr,CNAME,www,cname.vercel-dns.com.
taxicourbevoie.fr,A,@,76.76.21.21
taxicourbevoie.fr,CNAME,www,cname.vercel-dns.com.
taxifeucherolles.fr,A,@,76.76.21.21
taxifeucherolles.fr,CNAME,www,cname.vercel-dns.com.
taxifourqueux.fr,A,@,76.76.21.21
taxifourqueux.fr,CNAME,www,cname.vercel-dns.com.
taxiguyancourt.fr,A,@,76.76.21.21
taxiguyancourt.fr,CNAME,www,cname.vercel-dns.com.
taxiissy.fr,A,@,76.76.21.21
taxiissy.fr,CNAME,www,cname.vercel-dns.com.
taxilepecq.com,A,@,76.76.21.21
taxilepecq.com,CNAME,www,cname.vercel-dns.com.
taxilevallois.fr,A,@,76.76.21.21
taxilevallois.fr,CNAME,www,cname.vercel-dns.com.
taxilevesinet.fr,A,@,76.76.21.21
taxilevesinet.fr,CNAME,www,cname.vercel-dns.com.
taxilouveciennes.fr,A,@,76.76.21.21
taxilouveciennes.fr,CNAME,www,cname.vercel-dns.com.
taximarly.fr,A,@,76.76.21.21
taximarly.fr,CNAME,www,cname.vercel-dns.com.
taximontreuil.fr,A,@,76.76.21.21
taximontreuil.fr,CNAME,www,cname.vercel-dns.com.
taxinanterre.fr,A,@,76.76.21.21
taxinanterre.fr,CNAME,www,cname.vercel-dns.com.
taxineuilly.fr,A,@,76.76.21.21
taxineuilly.fr,CNAME,www,cname.vercel-dns.com.
taxipoissy.com,A,@,76.76.21.21
taxipoissy.com,CNAME,www,cname.vercel-dns.com.
taxirueil.fr,A,@,76.76.21.21
taxirueil.fr,CNAME,www,cname.vercel-dns.com.
taxisaintcloud.fr,A,@,76.76.21.21
taxisaintcloud.fr,CNAME,www,cname.vercel-dns.com.
taxisaintcyr.fr,A,@,76.76.21.21
taxisaintcyr.fr,CNAME,www,cname.vercel-dns.com.
taxisaintdenis.fr,A,@,76.76.21.21
taxisaintdenis.fr,CNAME,www,cname.vercel-dns.com.
taxisaintgermain.com,A,@,76.76.21.21
taxisaintgermain.com,CNAME,www,cname.vercel-dns.com.
taxisaintnom.fr,A,@,76.76.21.21
taxisaintnom.fr,CNAME,www,cname.vercel-dns.com.
taxisaintouen.fr,A,@,76.76.21.21
taxisaintouen.fr,CNAME,www,cname.vercel-dns.com.
taxisaintquentin.com,A,@,76.76.21.21
taxisaintquentin.com,CNAME,www,cname.vercel-dns.com.
taxisversailles.com,A,@,76.76.21.21
taxisversailles.com,CNAME,www,cname.vercel-dns.com.
taxiaplaisir.com,A,@,76.76.21.21
taxiaplaisir.com,CNAME,www,cname.vercel-dns.com.
taxiasnieres.com,A,@,76.76.21.21
taxiasnieres.com,CNAME,www,cname.vercel-dns.com.
taxiboulogne.com,A,@,76.76.21.21
taxiboulogne.com,CNAME,www,cname.vercel-dns.com.
taxichambourcy.com,A,@,76.76.21.21
taxichambourcy.com,CNAME,www,cname.vercel-dns.com.
taxicolombes.com,A,@,76.76.21.21
taxicolombes.com,CNAME,www,cname.vercel-dns.com.
taxicourbevoie.com,A,@,76.76.21.21
taxicourbevoie.com,CNAME,www,cname.vercel-dns.com.
taxifeucherolles.com,A,@,76.76.21.21
taxifeucherolles.com,CNAME,www,cname.vercel-dns.com.
taxifourqueux.com,A,@,76.76.21.21
taxifourqueux.com,CNAME,www,cname.vercel-dns.com.
taxiguyancourt.com,A,@,76.76.21.21
taxiguyancourt.com,CNAME,www,cname.vercel-dns.com.
taxiissy.com,A,@,76.76.21.21
taxiissy.com,CNAME,www,cname.vercel-dns.com.
taxilevallois.com,A,@,76.76.21.21
taxilevallois.com,CNAME,www,cname.vercel-dns.com.
taxilevesinet.com,A,@,76.76.21.21
taxilevesinet.com,CNAME,www,cname.vercel-dns.com.
taxilouveciennes.com,A,@,76.76.21.21
taxilouveciennes.com,CNAME,www,cname.vercel-dns.com.
taximarly.com,A,@,76.76.21.21
taximarly.com,CNAME,www,cname.vercel-dns.com.
taximontreuil.com,A,@,76.76.21.21
taximontreuil.com,CNAME,www,cname.vercel-dns.com.
taxineuilly.com,A,@,76.76.21.21
taxineuilly.com,CNAME,www,cname.vercel-dns.com.
taxirueil.com,A,@,76.76.21.21
taxirueil.com,CNAME,www,cname.vercel-dns.com.
taxisaintcloud.com,A,@,76.76.21.21
taxisaintcloud.com,CNAME,www,cname.vercel-dns.com.
taxisaintcyr.com,A,@,76.76.21.21
taxisaintcyr.com,CNAME,www,cname.vercel-dns.com.
taxisaintdenis.com,A,@,76.76.21.21
taxisaintdenis.com,CNAME,www,cname.vercel-dns.com.
taxisaintnom.com,A,@,76.76.21.21
taxisaintnom.com,CNAME,www,cname.vercel-dns.com.
taxisaintouen.com,A,@,76.76.21.21
taxisaintouen.com,CNAME,www,cname.vercel-dns.com.
